<?xml version="1.0" encoding="UTF-8"?>
<beans xmlns="http://www.springframework.org/schema/beans"
	xmlns:xsi="http://www.w3.org/2001/XMLSchema-instance" xmlns:tx="http://www.springframework.org/schema/tx"
	xmlns:jee="http://www.springframework.org/schema/jee" xmlns:aop="http://www.springframework.org/schema/aop"
	xmlns:context="http://www.springframework.org/schema/context"
	xsi:schemaLocation="http://www.springframework.org/schema/beans
http://www.springframework.org/schema/beans/spring-beans-3.1.xsd
http://www.springframework.org/schema/tx
http://www.springframework.org/schema/tx/spring-tx-3.1.xsd
http://www.springframework.org/schema/jee
http://www.springframework.org/schema/jee/spring-jee-3.1.xsd
http://www.springframework.org/schema/aop
http://www.springframework.org/schema/aop/spring-aop-3.1.xsd
http://www.springframework.org/schema/context
http://www.springframework.org/schema/context/spring-context-3.1.xsd">

	<bean
		class="org.springframework.beans.factory.config.PropertyPlaceholderConfigurer">
		<property name="systemPropertiesModeName" value="SYSTEM_PROPERTIES_MODE_OVERRIDE" />
		<property name="ignoreResourceNotFound" value="true" />
		<property name="locations">
			<list>
				<value>classpath*:/application.properties</value>
			</list>
		</property>
	</bean>
	
	<!-- 开启注解配置 -->  
    <context:annotation-config />
	<context:component-scan base-package="com.dayima.stat.service,com.dayima.datacut.service"/>
	<!-- master -->
	<bean id="dataSource" class="com.alibaba.druid.pool.DruidDataSource"
		destroy-method="close">
		<property name="url" value="${master.db.url}" />
		<property name="username" value="${master.db.user}" />
		<property name="password" value="${master.db.pw}" />
		<property name="driverClassName" value="com.mysql.jdbc.Driver" />
		<property name="maxActive" value="${master.db.maxconn}" />
		<property name="initialSize" value="${master.db.initialSize}" />
		<property name="maxWait" value="3000" />
	</bean>
	<!-- 集成mybatis -->
	<bean id="sqlSessionFactory" class="org.mybatis.spring.SqlSessionFactoryBean">
		<property name="dataSource" ref="dataSource" />
		<!-- 它表示我们的Mapper文件存放的位置，当我们的Mapper文件跟对应的Mapper接口处于同一位置的时候可以不用指定该属性的值 -->
		<property name="mapperLocations" value="classpath*:com/dayima/**/*Mapper.xml" />
		<!-- 自动配置别名 -->
		<property name="typeAliasesPackage" value="com.dayima.stat.model,com.dayima.datacut.model" />
		<property name="plugins">
		    <array>
		      <bean class="com.github.pagehelper.PageHelper">
		        <property name="properties">
		          <value>
		            dialect=mysql
		          </value>
		        </property>
		      </bean>
		    </array>
		 </property>
	</bean>
	<!-- 采用自动扫描方式创建mapper bean(单个更新模式) -->
	<bean class="org.mybatis.spring.mapper.MapperScannerConfigurer">
		<property name="basePackage" value="com.dayima.stat.dao,com.dayima.datacut.dao" />
		<!-- 指定需要使用的sqlSessionFactoryBeanName对应的bean名称 -->
		<property name="sqlSessionFactoryBeanName" value="sqlSessionFactory" />
		<!-- 指定需要使用的sqlSessionTemplate对应的bean名称 -->
		<!-- <property name="sqlSessionTemplateBeanName" value="sqlSessionTemplate" 
			/> -->
	</bean>

	<!-- 事务管理器 -->  
    <bean id="transactionManager" class="org.springframework.jdbc.datasource.DataSourceTransactionManager">  
        <property name="dataSource" ref="dataSource" />  
    </bean>  
    
    <!-- Transactional注解方式使用事务 -->
	<!-- <tx:advice id="txAdvice" transaction-manager="transactionManager">
		<tx:attributes>
			<tx:method name="add*" propagation="REQUIRED" rollback-for="exception"/>
			<tx:method name="upd*" propagation="REQUIRED" rollback-for="exception" />
			<tx:method name="del*" propagation="REQUIRED" rollback-for="exception" />
			<tx:method name="get*" propagation="NOT_SUPPORTED" read-only="true" />
		</tx:attributes>
	</tx:advice>
	
	<aop:config>
		<aop:pointcut id="pointcut" expression="execution(* com.meiyue.base.service.impl.*.*(..))" />
		<aop:advisor advice-ref="txAdvice" pointcut-ref="pointcut" />
	</aop:config> -->
	
	<import resource="spring-sheduler.xml"/>
</beans>