<?xml version="1.0" encoding="UTF-8"?>
<beans xmlns="http://www.springframework.org/schema/beans"
	xmlns:xsi="http://www.w3.org/2001/XMLSchema-instance" xmlns:tx="http://www.springframework.org/schema/tx"
	xmlns:jee="http://www.springframework.org/schema/jee" xmlns:aop="http://www.springframework.org/schema/aop"
	xmlns:context="http://www.springframework.org/schema/context"
	xsi:schemaLocation="http://www.springframework.org/schema/beans
http://www.springframework.org/schema/beans/spring-beans-3.1.xsd
http://www.springframework.org/schema/tx
http://www.springframework.org/schema/tx/spring-tx-3.1.xsd
http://www.springframework.org/schema/jee
http://www.springframework.org/schema/jee/spring-jee-3.1.xsd
http://www.springframework.org/schema/aop
http://www.springframework.org/schema/aop/spring-aop-3.1.xsd
http://www.springframework.org/schema/context
http://www.springframework.org/schema/context/spring-context-3.1.xsd">
	<bean id="myScheduler"
        class="org.springframework.scheduling.quartz.SchedulerFactoryBean">
        <property name="triggers">
            <list>
                <ref bean="statTrigger"></ref>
            </list>
        </property>
        <property name="autoStartup" value="true"></property>
    </bean>
    
    <bean id="statTrigger"
        class="org.springframework.scheduling.quartz.CronTriggerFactoryBean">
        <property name="jobDetail" ref="statJobDetail">
        </property>
        <property name="cronExpression">
            <value>0 25 11 * * ?</value>
        </property>
    </bean>
    
    <bean id="statJobDetail"
        class="org.springframework.scheduling.quartz.MethodInvokingJobDetailFactoryBean">
        <property name="targetObject" ref="statJob">
        </property>
        <property name="targetMethod" value="work"></property>
        <!-- 是否允许任务并发执行。当值为false时，表示必须等到前一个线程处理完毕后才再启一个新的线程 -->
        <property name="concurrent" value="false" />
    </bean>
    
    <bean id="statJob" class="com.dayima.stat.job.StatJob"></bean>
</beans>